id,created,amount,currency,local_amount,local_currency,category,emoji,description,address,notes,receipt
tx_00009Uae2BykdJxTdfYpJx,2018-03-15 10:53:29 +0000,100,GBP,100,GBP,general,,Top up,,,
tx_00009UaRlw1oyDHA1EZC0f,2018-03-15 08:36:27 +0000,-3.90,GBP,-3.90,GBP,transport,üöÖ,Transport for London,"65 Broadway, London SW1H 0BD","Travel charge for Wednesday, 14 Mar",
tx_00009UYru6mB6T5SECnclF,2018-03-14 14:19:88 +0000,-6.90,GBP,-6.90,GBP,eating_out,üç≤,Birley Sandwiches,"1-6 Essex Street, London WC2R 3HU",,
tx_00009UYQOMWGKyjf5odsCv,2018-03-14 09:11:03 +0000,-2.40,GBP,-2.40,GBP,transport,üöÖ,Transport for London,"65 Broadway, London SW1H 0BD","Travel charge for Tuesday, 13 Mar",
tx_00009UXEa8vzHMHxpIZ9GL,2018-03-13 19:24:42 +0000,-21.97,GBP,-21.97,GBP,shopping,üì∞,WHSmith,"Bookstall, Swindon SN1 1DQ",,
tx_00009UUMj4VpIzrIsSDaBl,2018-03-12 10:11:62 +0000,-3.90,GBP,-3.90,GBP,transport,üöÖ,Transport for London,"65 Broadway, London SW1H 0BD","Travel charge for Sunday, 11 Mar",
tx_00009US0KN02qVldX9giKP,2018-03-11 06:51:76 +0000,-6.65,GBP,-6.65,GBP,eating_out,‚òï,Costa,"London Waterloo Station, London, Se1 7ly",,
tx_00009URcQjkam4I3jDHGgj,2018-03-11 02:23:58 +0000,-3.10,GBP,-3.10,GBP,transport,üöÖ,Transport for London,Online transaction,"Travel charge for Saturday, 10 Mar",
tx_00009UQyWK9GsW7JtcvjxB,2018-03-10 18:56:19 +0000,-3,GBP,-3,GBP,groceries,üçè,Tesco,"111 Whitehorse Road, Croydon CR0 2JJ",,
tx_00009UQBcwHf6qbY9dNbaT,2018-03-10 09:48:12 +0000,-4.80,GBP,-4.80,GBP,transport,üöÖ,Transport for London,"65 Broadway, London SW1H 0BD","Travel charge for Friday, 9 Mar",
tx_00009UOQ2jtinFgfa63W1x,2018-03-09 13:20:74 +0000,-7.50,GBP,-7.50,GBP,eating_out,,Temple Of Camden,"103a Camley Street, London N1C 4PF",,
tx_00009UOJAW8v7OJCHwKULJ,2018-03-09 12:03:98 +0000,-2.65,GBP,-2.65,GBP,groceries,‚òï,Camden Coffee House,"Camden Road, London NW1 9DP",,
tx_00009UO5jEVxFmYhf7MP0z,2018-03-09 09:32:14 +0000,-5.40,GBP,-5.40,GBP,transport,üöÖ,Transport for London,"65 Broadway, London SW1H 0BD","Travel charge for Thursday, 8 Mar",
tx_00009UMfKXE9kaZcQUj5JR,2018-03-08 17:02:91 +0000,-2.99,GBP,-2.99,GBP,shopping,üéÅ,Cards Galore,"38 Gray's Inn Road, London WC1X 8JP",,
tx_00009UMacaDwqeBxxUjJtB,2018-03-08 16:09:10 +0000,-2.90,GBP,-2.90,GBP,eating_out,‚òï,Caffe Vergnano,"Staple Inn, London WC1V 7PX",,
tx_00009UMINXPJEwtwyTJjpx,2018-03-08 12:45:38 +0000,-9,GBP,-9,GBP,eating_out,,Brilliant Corners,"Old Spitalfields Market, Ec1m E1 6BG",,
tx_00009UM5UIYrXK19YNgAXx,2018-03-08 10:20:90 +0000,-3,GBP,-3,GBP,transport,üöÖ,Transport for London,"65 Broadway, London SW1H 0BD","Travel charge for Wednesday, 7 Mar",
tx_00009UKunehOA17J3mjcjB,2018-03-07 20:46:73 +0000,-15.25,GBP,-15.25,GBP,groceries,üçè,Tesco,"179 Shoreditch High St, London E1 6HU",,
tx_00009UKEFrW1o0yHcT1lWz,2018-03-07 12:49:72 +0000,-9.95,GBP,-9.95,GBP,eating_out,üç≤,Birley Sandwiches,"1-6 Essex Street, London WC2R 3HU",,
tx_00009UI616FXYRowIGRUwL,2018-03-06 12:07:88 +0000,-8.50,GBP,-8.50,GBP,eating_out,üç¥,Falafelicious,"2-4 Bethnal Green Road, London E1 6JY",,
tx_00009UHHcLWybgoyjvbLST,2018-03-06 02:43:28 +0000,-6.80,GBP,-6.80,GBP,transport,üöÖ,Transport for London,Online transaction,"Travel charge for Monday, 5 Mar",
tx_00009UGr5hrXxXfrdUzxoX,2018-03-05 21:45:68 +0000,-9.10,GBP,-9.10,GBP,eating_out,üç∫,The Miller,"96 Snowsfields, London SE1 3SS",,
tx_00009UGqugZWPylBB2iOrh,2018-03-05 21:43:22 +0000,100,GBP,100,GBP,general,,Top up,,,
tx_00009UGeeEw0CrtYeGDdeT,2018-03-05 19:26:14 +0000,-2.70,GBP,-2.70,GBP,shopping,üçè,Marks and Spencer,"Unit 16, London SE1 7LY",,
tx_00009UG8lYzQqJCELJGtEn,2018-03-05 13:29:90 +0000,-4.80,GBP,-4.80,GBP,transport,üöÖ,Transport for London,"65 Broadway, London SW1H 0BD","Travel charge for Saturday, 3 Mar",
tx_00009UG4oZ4AcDgWMT4AC1,2018-03-05 12:44:23 +0000,-8.30,GBP,-8.30,GBP,eating_out,üç≥,Leon,"73-76 Strand, London WC2R 0DE",,
tx_00009UDAkEgwRV1bSyKHkv,2018-03-04 03:07:14 +0000,-4.80,GBP,-4.80,GBP,transport,üöÖ,Transport for London,"65 Broadway, London SW1H 0BD","Travel charge for Thursday, 1 Mar",
tx_00009UC9VKUYIjTe4AoLEv,2018-03-03 15:18:41 +0000,-4.80,GBP,-4.80,GBP,transport,üöÖ,Transport for London,"65 Broadway, London SW1H 0BD","Travel charge for Friday, 2 Mar",
tx_00009UBcCQqHAZZ2VAkwNt,2018-03-03 09:05:66 +0000,-6.08,GBP,-6.08,GBP,eating_out,‚òï,Pret A Manger,"21 Station Street, London E15 1DA",,
tx_00009UAYWcLzUAhCDygabh,2018-03-02 20:49:65 +0000,-13.61,GBP,-13.61,GBP,eating_out,üç¥,Pho & Bun,"76 Shaftesbury Avenue, London W1D 6ND",,
tx_00009U752h8FfuVh0b4dCD,2018-03-01 04:35:44 +0000,-3,GBP,-3,GBP,transport,üöÖ,Transport for London,Online transaction,"Travel charge for Wednesday, 28 Feb",
tx_00009U6RFavO4LywYeL2WX,2018-02-28 21:09:22 +0000,-7,GBP,-7,GBP,entertainment,üé•,Curzon Cinemas,"The Brunswick, London WC1N 1AW",,
tx_00009U6QxCezXrV05ftqhF,2018-02-28 21:05:79 +0000,-8,GBP,-8,GBP,entertainment,üé•,Curzon Cinemas,"The Brunswick, London WC1N 1AW",,
tx_00009U5SY9MYfmoqAgoVRh,2018-02-28 09:49:07 +0000,-3,GBP,-3,GBP,transport,üöÖ,Transport for London,"65 Broadway, London SW1H 0BD","Travel charge for Tuesday, 27 Feb",
tx_00009U3UzS27B0kugsAAbJ,2018-02-27 11:06:28 +0000,-3,GBP,-3,GBP,transport,üöÖ,Transport for London,"65 Broadway, London SW1H 0BD","Travel charge for Monday, 26 Feb",
tx_00009U1aOZTYkkT1GSBySX,2018-02-26 12:58:82 +0000,-9.65,GBP,-9.65,GBP,eating_out,üç≤,Birley Sandwiches,"1-6 Essex Street, London WC2R 3HU",,
tx_00009U1aNrKUt54eLbc7E1,2018-02-26 12:57:27 +0000,100,GBP,100,GBP,general,,Top up,,,
tx_00009U1a9tD766bc7vUzU9,2018-02-26 12:55:19 +0000,-9.65,GBP,-9.65,GBP,eating_out,üç≤,Birley Sandwiches,"1-6 Essex Street, London WC2R 3HU",,
tx_00009U0KW7hu5T5h28WLg1,2018-02-25 22:25:34 +0000,-37.58,GBP,-37.58,GBP,groceries,üçè,Tesco,"179 Shoreditch High St, London E1 6HU",,
tx_00009TzmI4CGwbeIvCRrKD,2018-02-25 16:01:55 +0000,-9,GBP,-9,GBP,general,üëï,Laundrapp,Online transaction,,
tx_00009TzmDHq2nYJyVmAu3N,2018-02-25 16:01:47 +0000,0,GBP,0,GBP,general,üëï,Laundrapp,Online transaction,Active card check,
tx_00009TzVmx8nWvQDWWMsAj,2018-02-25 12:57:43 +0000,-29.99,GBP,-29.99,GBP,groceries,üçè,Gousto,"Somewhere in Unit 2 Issigonis House, Cowley Road, London W3 7UN",,
tx_00009Txcaczyu41SwROVgf,2018-02-24 15:03:53 +0000,-6.80,GBP,-6.80,GBP,transport,üöÖ,Transport for London,"65 Broadway, London SW1H 0BD","Travel charge for Friday, 23 Feb",
tx_00009TwIHhp6Y6BbMfjT5l,2018-02-23 23:41:50 +0000,-12,GBP,-12,GBP,eating_out,üç∫,The Lighterman,"3 Granary Square, London N1C 4BH",,
tx_00009TwGsIuNwdXEtnWfTd,2018-02-23 23:25:90 +0000,-21,GBP,-21,GBP,eating_out,,Granger & Co,"7 Pancras Square, London N1C 4AG",,
tx_00009Tvz8jh6KESPUzuSSv,2018-02-23 20:07:61 +0000,-7.25,GBP,-7.25,GBP,eating_out,üç£,Itsu,"49-51 Great Eastern Street, London EC2A 3HP",,
tx_00009Tv3jyQ6k7eeXm0rYH,2018-02-23 09:23:94 +0000,-3.65,GBP,-3.65,GBP,groceries,üçè,Co-op,"18 Kingsway, London WC2B 6LH",,
tx_00009TuUZ2973M8gS2CT7R,2018-02-23 02:49:83 +0000,-6.30,GBP,-6.30,GBP,transport,üöÖ,Transport for London,Online transaction,"Travel charge for Thursday, 22 Feb",
tx_00009Tu3jYa0ce85yNt8cr,2018-02-22 21:49:73 +0000,-30,GBP,-30,GBP,eating_out,üçù,Jamie's Italian,"5 Tooley Street, London SE1 2BY",,
tx_00009Tu3j6VR03VEAr878b,2018-02-22 21:49:95 +0000,150,GBP,150,GBP,general,,Top up,,,
tx_00009Tu3ex0MNowPY3cAWP,2018-02-22 21:48:34 +0000,-30,GBP,-30,GBP,eating_out,üçù,Jamie's Italian,"5 Tooley Street, London SE1 2BY",,
tx_00009Tt6Iusbi0s7I7DHc1,2018-02-22 10:43:07 +0000,-6.80,GBP,-6.80,GBP,transport,üöÖ,Transport for London,"65 Broadway, London SW1H 0BD","Travel charge for Wednesday, 21 Feb",
tx_00009TrIjhOEmYJQPDcq6z,2018-02-21 13:53:70 +0000,-6.90,GBP,-6.90,GBP,eating_out,üåØ,Wrap It Up!,"Strand, London WC2R 1DA",,
tx_00009TpCuxWq8BNsKi7ON7,2018-02-20 13:38:72 +0000,-4.80,GBP,-4.80,GBP,transport,üöÖ,Transport for London,"65 Broadway, London SW1H 0BD","Travel charge for Saturday, 17 Feb",
tx_00009Tl0sakprG94JDWikz,2018-02-18 13:04:76 +0000,-14.99,GBP,-14.99,GBP,groceries,üçè,Gousto,"Somewhere in Unit 2 Issigonis House, Cowley Road, London W3 7UN",,
tx_00009Tk5pcIXy232qBjgIr,2018-02-18 02:25:19 +0000,-2.40,GBP,-2.40,GBP,transport,üöÖ,Transport for London,Online transaction,"Travel charge for Monday, 19 Feb",
tx_00009TjkMb1BY7RDR3w4g5,2018-02-17 22:24:29 +0000,-11,GBP,-11,GBP,entertainment,,The Borderline,"Manette Street, London W1D 4JB",,
tx_00009TjdajToBcZi3P7M93,2018-02-17 21:09:42 +0000,-6,GBP,-6,GBP,entertainment,,The Borderline,"Manette Street, London W1D 4JB",,
tx_00009TjUS1pvfTJyj3KNXt,2018-02-17 19:26:34 +0000,-12.50,GBP,-12.50,GBP,eating_out,,Cookdaily,"Bethnal Green Road, London E1 6GY",,
tx_00009TifJNc8EdyGnNJ6LR,2018-02-17 09:53:23 +0000,-3.90,GBP,-3.90,GBP,transport,üöÖ,Transport for London,"65 Broadway, London SW1H 0BD","Travel charge for Friday, 16 Feb",
tx_00009ThbDINoB2hP875VlR,2018-02-16 21:33:39 +0000,-5.48,GBP,-5.48,GBP,eating_out,üçû,Whistlestop,"Liverpool Street Railway Station (lst), London EC2M 7QH",,
tx_00009TgsYFImKdpViZLp7x,2018-02-16 13:12:32 +0000,-5.99,GBP,-5.99,GBP,general,,Payment to Tyrell,,Pod,
tx_00009TgsVH2nOjiQFiSSfZ,2018-02-16 13:12:84 +0000,100,GBP,100,GBP,general,,Top up,,,
tx_00009TgqR2pS6lI7694Y8P,2018-02-16 12:48:87 +0000,-5.99,GBP,-5.99,GBP,eating_out,üç¥,pod,"15 Kingsway, London WC2B 6UN",,
tx_00009TgbSp2MrEfRWWajLN,2018-02-16 10:01:02 +0000,-6.80,GBP,-6.80,GBP,transport,üöÖ,Transport for London,"65 Broadway, London SW1H 0BD","Travel charge for Thursday, 15 Feb",
tx_00009TemHTC2RXwKZBIaB7,2018-02-15 12:52:84 +0000,-7.75,GBP,-7.75,GBP,eating_out,üç£,Wasabi Sushi & Bento,"19 Kingsway, London WC2B 6UN",,
tx_00009TbqAcsppjjS8g79zl,2018-02-14 02:52:78 +0000,-3,GBP,-3,GBP,transport,üöÖ,Transport for London,Online transaction,"Travel charge for Tuesday, 13 Feb",
tx_00009TaTNpX7cYtJpSdjvN,2018-02-13 11:02:41 +0000,-3,GBP,-3,GBP,transport,üöÖ,Transport for London,"65 Broadway, London SW1H 0BD","Travel charge for Monday, 12 Feb",
tx_00009TZBduWMqqbQnnWyjx,2018-02-12 20:08:66 +0000,-4.68,GBP,-4.68,GBP,groceries,üçé,Raw Store,"343 Old Street, London EC1V 9LL",,
tx_00009TYax9l8iudrKOfLg9,2018-02-12 13:17:15 +0000,-31.60,GBP,-31.60,GBP,eating_out,üçù,Strada,"13-15 Tavistock St, London WC2E 7PS",,
tx_00009TXj1BjruWON29dKef,2018-02-12 03:13:71 +0000,-6.30,GBP,-6.30,GBP,transport,üöÖ,Transport for London,"65 Broadway, London SW1H 0BD","Travel charge for Saturday, 10 Feb",
tx_00009TWRiCDe0Z38i2s1hZ,2018-02-11 12:24:97 +0000,-41.15,GBP,-41.15,GBP,groceries,üçè,Co-op,"80 Great Eastern Street, London EC2A 3JL",,
tx_00009TWRhtNw25EwEIcxcn,2018-02-11 12:24:76 +0000,100,GBP,100,GBP,general,,Top up,,,
tx_00009TWRdlnGJdTGK6p40f,2018-02-11 12:23:57 +0000,-41.15,GBP,-41.15,GBP,groceries,üçè,Co-op,"80 Great Eastern Street, London EC2A 3JL",,
tx_00009TVVWYGMQgIIC3yMDp,2018-02-11 01:32:12 +0000,-28.13,GBP,-28.13,GBP,eating_out,üé∑,Ronnie Scott's,"47 Frith Street, London W1D 4HT",,
tx_00009TUk9vhgPppVBTmHy5,2018-02-10 16:41:74 +0000,-19.33,GBP,-19.33,GBP,general,üíä,Boots,"60 King's Rd, London SW3 4UD",,
tx_00009TUXGNC7opRO39M8zR,2018-02-10 14:17:73 +0000,-28.50,GBP,-28.50,GBP,eating_out,,Cookdaily,"Bethnal Green Road, London E1 6GY",,
tx_00009TUSbpASVkVtqZOB6n,2018-02-10 13:25:82 +0000,-14.99,GBP,-14.99,GBP,groceries,üçè,Gousto,Online transaction,,
tx_00009TU9u0m2CUV7vSvJhp,2018-02-10 09:55:26 +0000,-3,GBP,-3,GBP,transport,üöÖ,Transport for London,"65 Broadway, London SW1H 0BD","Travel charge for Friday, 9 Feb",
tx_00009TSLNAwGCGin1stai2,2018-02-09 12:54:52 +0000,-20,GBP,-20,GBP,cash,üè¶,ATM,"185 Tottenham Court Road, London W1T 4TH",,
tx_00009TSD38AA0ZtACO0vPF,2018-02-09 11:21:82 +0000,100,GBP,100,GBP,general,,Top up,,,
tx_00009TRTTVr1x0h7NhcTNR,2018-02-09 02:50:98 +0000,-3.90,GBP,-3.90,GBP,transport,üöÖ,Transport for London,Online transaction,"Travel charge for Thursday, 8 Feb",
tx_00009TQZdOUCbboXvPAJHt,2018-02-08 16:25:21 +0000,-5.14,GBP,-5.14,GBP,groceries,üçè,Co-op,"18 Kingsway, London WC2B 6LH",,
tx_00009TQVZmasdFf1mmDsqv,2018-02-08 15:39:85 +0000,-4.25,GBP,-4.25,GBP,eating_out,‚òï,Starbucks,"99 Kingsway, London WC2B 6QX",,
tx_00009TQ9pIzaGARnYKrYxN,2018-02-08 11:36:56 +0000,-4.48,GBP,-4.48,GBP,eating_out,‚òï,Pret A Manger,"Broadgate Circle, London EC2M 7PY",,
tx_00009TPzUAMAAo9z98hnpR,2018-02-08 09:40:29 +0000,-4.50,GBP,-4.50,GBP,transport,üöÖ,Transport for London,"65 Broadway, London SW1H 0BD","Travel charge for Wednesday, 7 Feb",
tx_00009TOM4IYoxPQRgwLB5d,2018-02-07 14:43:31 +0000,-3.90,GBP,-3.90,GBP,transport,üöÖ,Transport for London,"65 Broadway, London SW1H 0BD","Travel charge for Tuesday, 6 Feb",
tx_00009TM6kb4uVpruV0tOFN,2018-02-06 12:42:86 +0000,-7.50,GBP,-7.50,GBP,eating_out,üç£,Wasabi Sushi & Bento,"19 Kingsway, London WC2B 6UN",,
tx_00009TL4nZkTWBiHRrGPWj,2018-02-06 00:46:89 +0000,-8,GBP,-8,GBP,groceries,üçè,Tesco,"179 Shoreditch High Street, London E1 6HP","Delayed from Sunday, 28 Jan",
tx_00009TJWP50qYDtHVQCKIr,2018-02-05 06:46:32 +0000,-2.40,GBP,-2.40,GBP,transport,üöÖ,Transport for London,"65 Broadway, London SW1H 0BD","Travel charge for Sunday, 4 Feb",
tx_00009TIByVFkgnWUpSG9th,2018-02-04 15:22:50 +0000,-5.10,GBP,-5.10,GBP,groceries,üçè,Sainsbury's,"76-77 Chalk Farm Road, Camden Town NW1 8AN",,
tx_00009TGs6w3miGiEqDlAxt,2018-02-04 00:05:24 +0000,8,GBP,8,GBP,general,,TESCO STORES 5508      SHORDITCH     GBR,,,
tx_00009TGDw9J97aezqZqOor,2018-02-03 16:34:21 +0000,-11.48,GBP,-11.48,GBP,groceries,üçè,Tesco,"179 Shoreditch High St, London E1 6HU",,
tx_00009TFcvGX3512iO9Sud0,2018-02-03 09:40:49 +0000,-3,GBP,-3,GBP,transport,üöÖ,Transport for London,"65 Broadway, London SW1H 0BD","Travel charge for Friday, 2 Feb",
tx_00009TEYro9TXwYQWdZiEL,2018-02-02 21:20:07 +0000,-12.80,GBP,-12.80,GBP,groceries,üçè,Tesco,"179 Shoreditch High St, London E1 6HU",,
tx_00009TDwfDhZRdLPkD5qZF,2018-02-02 14:12:17 +0000,-9.05,GBP,-9.05,GBP,eating_out,üç£,Wasabi Sushi & Bento,"19 Kingsway, London WC2B 6UN",,
tx_00009TCyD82GvIVG15Ebg1,2018-02-02 02:54:42 +0000,-5.40,GBP,-5.40,GBP,transport,üöÖ,Transport for London,Online transaction,"Travel charge for Thursday, 1 Feb",
tx_00009TCYFA0rwdGvv6t2HJ,2018-02-01 22:03:61 +0000,-7.95,GBP,-7.95,GBP,eating_out,ü•ô,What the Pitta!,"Somewhere in 2-10 Bethnal Green Road, London E1 6GY",,
tx_00009TBUpd5uhjHDZ4Q8bR,2018-02-01 09:50:26 +0000,-2.40,GBP,-2.40,GBP,transport,üöÖ,Transport for London,"65 Broadway, London SW1H 0BD","Travel charge for Wednesday, 31 Jan",
tx_00009T9NoqBxR14ztv0LVx,2018-01-31 09:22:24 +0000,-6.80,GBP,-6.80,GBP,transport,üöÖ,Transport for London,"65 Broadway, London SW1H 0BD","Travel charge for Tuesday, 30 Jan",
tx_00009T8ONq91PNmQjPMOzR,2018-01-30 21:54:03 +0000,-19.18,GBP,-19.18,GBP,eating_out,üç¥,C√¥te Brasserie,"Tooley Street, London SE1 2HD",,
tx_00009T7o1C0ANhCCJ4QzCL,2018-01-30 15:06:58 +0000,-9.70,GBP,-9.70,GBP,eating_out,üç£,Wasabi Sushi & Bento,"19 Kingsway, London WC2B 6UN",,
tx_00009T7JSfJeP0ViSlATOT,2018-01-30 09:24:07 +0000,-3,GBP,-3,GBP,transport,üöÖ,Transport for London,"65 Broadway, London SW1H 0BD","Travel charge for Monday, 29 Jan",
tx_00009T4bTqyzj5ZLqB1ocT,2018-01-29 02:02:50 +0000,-4.80,GBP,-4.80,GBP,transport,üöÖ,Transport for London,Online transaction,"Travel charge for Sunday, 28 Jan",
tx_00009T4WtJ3bz2h8NfVOUb,2018-01-29 01:10:95 +0000,-8,GBP,-8,GBP,transport,üöÖ,Transport for London,"65 Broadway, London SW1H 0BD","Travel charge for Saturday, 27 Jan",
tx_00009T3qSjh4e5TJ6BbxbN,2018-01-28 17:15:21 +0000,-8,GBP,-8,GBP,groceries,üçè,Tesco,"179 Shoreditch High St, London E1 6HU",,
tx_00009T3nfeH9njeOzgGjJp,2018-01-28 16:44:03 +0000,-8,GBP,-8,GBP,general,,Payment to Zhi,,"Vietnamese (thank you!!) ",
tx_00009T3cYWTFK3wsXCv6pt,2018-01-28 14:39:75 +0000,-4,GBP,-4,GBP,entertainment,‚õ∞,The Arch Climbing Wall,"100 Clements Road, London SE16 4DG",,
tx_00009T1spsI6esKC5B5NJZ,2018-01-27 18:32:37 +0000,-7.10,GBP,-7.10,GBP,eating_out,,LEON,"King's Cross Station, London, London N1C 4AH",,
tx_00009T1dYmWfLDZfy0Hrd3,2018-01-27 15:41:49 +0000,-15.20,GBP,-15.20,GBP,groceries,üçè,Co-op,"80 Great Eastern Street, London EC2A 3JL",,
tx_00009T1YarXdAI3YGP039t,2018-01-27 14:45:52 +0000,-36,GBP,-36,GBP,general,‚úÇÔ∏è,Toni & Guy Wimbledon,"4 Queen's Road, London SW19 8YE",,
tx_00009T18wWzNf4169QYxdp,2018-01-27 09:58:60 +0000,-3,GBP,-3,GBP,transport,üöÖ,Transport for London,"65 Broadway, London SW1H 0BD","Travel charge for Friday, 26 Jan",
tx_00009T0DOOGHuMW7qo3DlZ,2018-01-26 23:13:30 +0000,-5.50,GBP,-5.50,GBP,entertainment,üé≠,Dice,Online transaction,,
tx_00009T0DMNJqRSL0HTqHTd,2018-01-26 23:13:25 +0000,0,GBP,0,GBP,entertainment,üé≠,Dice,Online transaction,Active card check,
tx_00009SxuV7uumykiTC2GZt,2018-01-25 20:32:27 +0000,-11.43,GBP,-11.43,GBP,groceries,üçè,Co-op,"80 Great Eastern Street, London EC2A 3JL",,
tx_00009SxD01aBzeyjooGXK5,2018-01-25 12:24:08 +0000,-116,GBP,-116,GBP,entertainment,üì∑,Shoots Of Spring,Online transaction,,
tx_00009Sx4RX9joUpBF8X1LF,2018-01-25 10:49:62 +0000,-6.35,GBP,-6.35,GBP,groceries,üçè,Tesco,"143 Strand, London WC2R 1DA",,
tx_00009SwRRKOJNQcmAdf6fJ,2018-01-25 03:32:67 +0000,-4.50,GBP,-4.50,GBP,transport,üöÖ,Transport for London,Online transaction,"Travel charge for Wednesday, 24 Jan",
tx_00009SvAM1aNySpc1KEdVp,2018-01-24 12:45:34 +0000,-7.54,GBP,-7.54,GBP,groceries,üçè,Co-op,"18 Kingsway, London WC2B 6LH",,
tx_00009Sv5zALWpzl3usoex7,2018-01-24 11:56:29 +0000,-3,GBP,-3,GBP,transport,üöÖ,Transport for London,"65 Broadway, London SW1H 0BD","Travel charge for Tuesday, 23 Jan",
tx_00009St7X2eFfzeZanHZuT,2018-01-23 13:04:46 +0000,-5.37,GBP,-5.37,GBP,groceries,üçè,Co-op,"18 Kingsway, London WC2B 6LH",,
tx_00009SsaBWpPUShWKsdTcn,2018-01-23 06:51:32 +0000,-3.90,GBP,-3.90,GBP,transport,üöÖ,Transport for London,"65 Broadway, London SW1H 0BD","Travel charge for Monday, 22 Jan",
tx_00009SrqE5QtCt5EHRXKfx,2018-01-22 22:16:22 +0000,-3.50,GBP,-3.50,GBP,groceries,üçè,Co-op,"80 Great Eastern Street, London EC2A 3JL",,
tx_00009SrLhdB3j7nckxjwEj,2018-01-22 16:34:22 +0000,-6.30,GBP,-6.30,GBP,transport,üöÖ,Transport for London,"65 Broadway, London SW1H 0BD","Travel charge for Saturday, 20 Jan",
tx_00009Sr5vCs8j8MnxaLGkb,2018-01-22 13:37:62 +0000,-7.99,GBP,-7.99,GBP,eating_out,üç¥,pod,"15 Kingsway, London WC2B 6UN",,
tx_00009SpfaNaIuaSXCfMLGj,2018-01-21 21:07:34 +0000,16,GBP,16,GBP,general,,Payment from Rita,,,
tx_00009SpdRvXX66oe00uAq1,2018-01-21 20:43:04 +0000,-31.20,GBP,-31.20,GBP,eating_out,üç£,eat TOKYO,"50 Red Lion Street, London WC1R 4PF",,
tx_00009SpKiwZqazoh0hO8Th,2018-01-21 17:13:84 +0000,-8.25,GBP,-8.25,GBP,eating_out,üç¥,The Riverfront,"Belvedere Road, London SE1 8XT",,
tx_00009So7nt4zXC43mHQRu5,2018-01-21 03:14:81 +0000,-5.40,GBP,-5.40,GBP,transport,üöÖ,Transport for London,Online transaction,"Travel charge for Sunday, 21 Jan",
tx_00009SnXJWObi6EBeuQ2ZF,2018-01-20 20:25:70 +0000,-5.75,GBP,-5.75,GBP,general,üçè,Tesco,"179 Shoreditch High St, London E1 6HU",,
tx_00009SnCl568hN7o4D55FZ,2018-01-20 16:35:22 +0000,-3.90,GBP,-3.90,GBP,transport,üöÖ,Transport for London,"65 Broadway, London SW1H 0BD","Travel charge for Thursday, 18 Jan",
tx_00009Sn9TiDyBoLEL8lnO5,2018-01-20 15:58:00 +0000,-9.98,GBP,-9.98,GBP,shopping,üì∞,WHSmith,"Canonbury Square, London N1 2AL",,
tx_00009Sn5v1dNjTnfGopMI5,2018-01-20 15:18:95 +0000,-10.63,GBP,-10.63,GBP,eating_out,üêî,Nando's,"Euston Rd, London N1 9AL",,
tx_00009SlT3PH3dJ7vXCQmuX,2018-01-19 20:28:41 +0000,-16,GBP,-16,GBP,general,üçè,Tesco,"179 Shoreditch High St, London E1 6HU",,
tx_00009SlSf5y9kxZgiAzuj3,2018-01-19 20:23:79 +0000,-4.68,GBP,-4.68,GBP,general,üçè,Tesco,"179 Shoreditch High St, London E1 6HU",,
tx_00009SjWSWnehUnpf3QezR,2018-01-18 21:57:33 +0000,-3.90,GBP,-3.90,GBP,transport,üöÖ,Transport for London,"65 Broadway, London SW1H 0BD","Travel charge for Wednesday, 17 Jan",
tx_00009SijudxCnevrTRGnWj,2018-01-18 12:53:46 +0000,-3,GBP,-3,GBP,general,üçè,Tesco,"143 Strand, London WC2R 1DA",,
tx_00009ShWytxNkb7fha5oNl,2018-01-17 22:53:03 +0000,-17.86,GBP,-17.86,GBP,eating_out,üç¥,My Old Dutch,"131-132 High Holborn, London WC1V 6PS",,
tx_00009ShWK44xDCi3DqA6ef,2018-01-17 22:46:21 +0000,-6.30,GBP,-6.30,GBP,transport,üöÖ,Transport for London,"65 Broadway, London SW1H 0BD","Travel charge for Monday, 15 Jan",
tx_00009SfNg3MLHQpOBgBjOL,2018-01-16 21:59:56 +0000,-16.87,GBP,-16.87,GBP,eating_out,,The Rum Kitchen,"Carnaby Street, London W1B 5PW",,
tx_00009Sf0a4pIcBbTG1bEPJ,2018-01-16 16:40:86 +0000,-10.47,GBP,-10.47,GBP,eating_out,‚òï,Pret A Manger,"135 Strand, London WC2R 1HH",,
tx_00009SdjFSzRgfOBjuyJzl,2018-01-16 02:52:38 +0000,-6.80,GBP,-6.80,GBP,transport,üöÖ,Transport for London,Online transaction,"Travel charge for Tuesday, 16 Jan",
tx_00009SdK8ONxuWDaZsyFk1,2018-01-15 22:10:17 +0000,-29.27,GBP,-29.27,GBP,general,üçè,Tesco,"179 Shoreditch High St, London E1 6HU",,
tx_00009Sd1sMB6YGODzT4SPp,2018-01-15 18:46:07 +0000,-5,GBP,-5,GBP,general,,pot_00009Sd1rYH45pmLwhsUEb,,,
tx_00009Sd1Rbrc7ntOkjHxrt,2018-01-15 18:41:96 +0000,-6.48,GBP,-6.48,GBP,eating_out,‚òï,Starbucks,"10 Kingsway, London WC2B 6LH",,
tx_00009Sa0jdJylILbr01Nlh,2018-01-14 07:49:07 +0000,-9.80,GBP,-9.80,GBP,transport,üöÖ,Transport for London,Online transaction,"Travel charge for Sunday, 14 Jan",
tx_00009SUmSHedh92fr2JcTx,2018-01-11 19:15:21 +0000,-236.44,GBP,-309,USD,cash,üè¶,ATM,"Ave 54  3115, La Havana, Cuba",,
tx_00009ST0m6kex3EAo3eB6n,2018-01-10 22:46:07 +0000,-232.70,GBP,-309,USD,cash,üè¶,ATM,"Ave 54  3115, La Havana, Cuba",,
tx_00009SQDeJYMBgegBqXRY1,2018-01-09 14:26:61 +0000,"1,000",GBP,"1,000",GBP,general,,Top up,,,
tx_00009SN9a9gvvd2G49aMRl,2018-01-08 02:57:09 +0000,-76.16,GBP,-103,USD,cash,üè¶,ATM,"Colon  187   Miguel Cal, Zala Havana, Cuba",,
tx_00009SG9vt4N37s54QVij3,2018-01-04 17:58:54 +0000,-228.81,GBP,-309,USD,cash,üè¶,ATM,"Salvador Cisn  56 Vinal, Esla Havana, Cuba",,
tx_00009S7kXP4SsZrj1bBndp,2017-12-31 16:35:63 +0000,-230.10,GBP,-309,USD,cash,üè¶,ATM,"36 Y Autopista Varadero, La Havana, Cuba",,
tx_00009S6LzPHN0UythlR7E9,2017-12-31 00:25:99 +0000,-115.05,GBP,-154.50,USD,cash,üè¶,ATM,"Aeropuerto Varadero, Matanzas, Matanzas, Cuba",,
tx_00009S56xbnHoUW1WyAvIH,2017-12-30 10:02:24 +0000,-14.16,GBP,-14.16,GBP,shopping,üëó,Superdry 203,"Unit N217, Gatwick Apt RH6 0PJ",,
tx_00009S55lPicmb5gIUD8JF,2017-12-30 09:49:88 +0000,-20.77,GBP,-20.77,GBP,general,üíä,Boots,"60 King's Rd, London SW3 4UD",,
tx_00009S4ubPZzLZphpMbXMH,2017-12-30 07:44:12 +0000,500,GBP,500,GBP,general,,Top up,,,
tx_00009S4u1dSsFEFGT0DXKj,2017-12-30 07:37:99 +0000,-9.60,GBP,-9.60,GBP,transport,üöÖ,Transport for London,Online transaction,"Travel charge for Saturday, 30 Dec",
tx_00009RfPXEU0htLgo258PR,2017-12-18 00:28:49 +0000,36.01,GBP,36.01,GBP,general,üíä,Boots,"  TW6",,
tx_00009RQSrP76HHssvhOBhR,2017-12-10 19:25:97 +0000,-20.50,GBP,-20.50,GBP,eating_out,,Cookdaily,"Bethnal Green Road, London E1 6GY",,
tx_00009RPx5tWApnzpROim5B,2017-12-10 13:29:36 +0000,-22.09,GBP,-22.09,GBP,groceries,üçè,Tesco,"179 Shoreditch High St, London E1 6HU",,
tx_00009RPuFHk3q8o3JX0FUH,2017-12-10 12:57:25 +0000,-36.01,GBP,-36.01,GBP,general,üíä,Boots,"60 King's Rd, London SW3 4UD",,
tx_00009RPuBJAmZtPB1wkrr7,2017-12-10 12:56:20 +0000,-36.01,GBP,-36.01,GBP,general,üíä,Boots,"60 King's Rd, London SW3 4UD",,
tx_00009RPrWiKrv1qyqxq3l3,2017-12-10 12:26:43 +0000,100,GBP,100,GBP,general,,Top up,,,
tx_00009RMoyR72fH5Qe4AVAf,2017-12-09 01:14:18 +0000,-73.68,GBP,-73.68,GBP,entertainment,üç∑,68 and Boston,"5 Greek Street, London W1D 4DD",,
tx_00009RMoskJaMFhpKjQzHl,2017-12-09 01:13:60 +0000,30,GBP,30,GBP,general,,Top up,,,
tx_00009RMlKpsYrf0MsjvtI1,2017-12-09 00:33:95 +0000,50,GBP,50,GBP,general,,Top up,,,
tx_00009RMMMizExlvdENrQQ5,2017-12-08 19:53:96 +0000,-21.37,GBP,-21.37,GBP,entertainment,üç∑,68 and Boston,"5 Greek Street, London W1D 4DD",,
tx_00009R9vmnjSudqVVmuYDp,2017-12-02 19:59:11 +0000,-22.10,GBP,-22.10,GBP,transport,üöÇ,Great Western Railway,"Paddington, London W2 1QH",,
tx_00009R9vlAI04irctMHgtF,2017-12-02 19:58:47 +0000,40,GBP,40,GBP,general,,Top up,,,
tx_00009R69SHTRlCljhowwtN,2017-12-01 00:13:19 +0000,-55,GBP,-55,GBP,entertainment,üêß,The Nightjar,"City Road, London EC1V 1JB",,
tx_00009R69PVrxmYqec3z99d,2017-12-01 00:12:25 +0000,50,GBP,50,GBP,general,,Top up,,,
tx_00009R3m8HaSwYkQ8HhDVJ,2017-11-29 20:42:97 +0000,-35.44,GBP,-35.44,GBP,eating_out,,Bao Soho,"53 Lexington Street, London W1F 9AS",,
tx_00009R3m3YlfddczX7XGHR,2017-11-29 20:41:81 +0000,50,GBP,50,GBP,general,,Top up,,,
tx_00009PUCH1bRIZbKZAGMYj,2017-10-13 19:53:05 +0100,0,GBP,-20,GBP,cash,üè¶,ATM,Somewhere in London SW8 1UG,,
tx_00009PRnKxtc8Vy2sncH8j,2017-10-12 16:05:95 +0100,-11.50,GBP,-11.50,GBP,bills,,LV Insurance,Online transaction,,
tx_00009PRnKm36BQQM8jxgG1,2017-10-12 16:05:72 +0100,0,GBP,0,GBP,bills,,LV Insurance,Online transaction,Active card check,
tx_00009P8oic5vFmhyARyWMT,2017-10-03 12:21:64 +0100,-6,GBP,-6,GBP,eating_out,üçî,Cafe Passione,"3 Cherry Tree Walk, London EC1Y 8NX",,
tx_00009OgQwNdlx5Z44ExhYH,2017-09-19 19:42:71 +0100,-42.98,GBP,-42.98,GBP,general,üé≠,Brown Paper Tickets,Online transaction,,
tx_00009OgQsJ9wfdyJ0l4K4f,2017-09-19 19:41:70 +0100,50,GBP,50,GBP,general,,Top up,,,
tx_00009OYHJfSFKfLvAfMBUn,2017-09-15 21:17:89 +0100,-16.60,GBP,-16.60,GBP,eating_out,üé∑,The Blues Kitchen,"134-146 Curtain Road, London EC2A 3AR",,
tx_00009OYAEqgjRI14stt5IP,2017-09-15 19:57:56 +0100,-10.70,GBP,-10.70,GBP,eating_out,üé∑,The Blues Kitchen,"134-146 Curtain Road, London EC2A 3AR",,
tx_00009OPt51DoAUmm9Df9MX,2017-09-11 20:07:35 +0100,-8.50,GBP,-8.50,GBP,eating_out,,Cookdaily,"Bethnal Green Road, London E1 6GY",,
tx_00009OPrwNeHJfFJ3whPMX,2017-09-11 19:55:38 +0100,-9,GBP,-9,GBP,eating_out,,BOXPARK Shoreditch,"20 Regent Street, Brighton BN1 1UX",,
tx_00009OPrlZcKTdk4H2DDsX,2017-09-11 19:53:28 +0100,50,GBP,50,GBP,general,,Top up,,,
tx_00009OPrZixVv2xnltTGM5,2017-09-11 19:51:56 +0100,-8.50,GBP,-8.50,GBP,eating_out,,Cookdaily,"Bethnal Green Road, London E1 6GY",,
tx_00009O4e9kpww2lX4BU001,2017-09-01 14:11:71 +0100,-10,GBP,-10,GBP,shopping,üîå,Cex,"43 George Street, London CR0 1LB",,
tx_00009NsB8i52TCOXjxpilt,2017-08-26 13:50:69 +0100,-17,GBP,-17,GBP,entertainment,üç∫,Squirrel,"11 Harrington Road, London SW7 3ES",,
tx_00009NqP4uY7B96SDPvzG5,2017-08-25 17:16:46 +0100,-15.54,GBP,-15.54,GBP,groceries,üçè,Waitrose,"17 High Street, Marlborough SN8 1AA",,
tx_00009NgH6F19oxe037cXq5,2017-08-20 20:00:56 +0100,-16.25,GBP,-16.25,GBP,eating_out,üç£,Okan,"Coldharbour Ln, London SW9 8PR",,
tx_00009Nfm8DN7oUZzkWROUr,2017-08-20 14:13:41 +0100,-13.05,GBP,-13.05,GBP,shopping,üé®,"Hobbycraft Group ","Drury Crescent, Croydon CR0 4XU",,
tx_00009Nfm7W5El7ilUak093,2017-08-20 14:13:11 +0100,50,GBP,50,GBP,general,,Top up,,,
tx_00009NdybuzPX9r1kqH7PV,2017-08-19 17:23:40 +0100,-3,GBP,-3,GBP,holidays,üè®,Camden Lock Hotel,"89 Chalk Farm Road, London NW1 8AR",,
tx_00009NaHUIgQg5esDviowT,2017-08-17 22:36:36 +0100,-38.30,GBP,-38.30,GBP,eating_out,üç¥,Arabica,"3 Rochester Walk, London SE1 9AF",,
tx_00009NPzussqy17ZxF4hAv,2017-08-12 23:32:27 +0100,-12,GBP,-12,GBP,eating_out,üç∫,World's End,"174 Camden High Street, London NW1 0NE",,
tx_00009NPnph0EVvFOCzHhnl,2017-08-12 21:16:49 +0100,-12.40,GBP,-12.40,GBP,eating_out,üç∫,World's End,"174 Camden High Street, London NW1 0NE",,
tx_00009NNAVrMG1DdzJwbVqL,2017-08-11 14:46:19 +0100,-1.69,GBP,-1.69,GBP,eating_out,‚òï,Pret A Manger,"72 Cheapside, London EC2V 6EN",,
tx_00009NMyOFWd5B01hgyaif,2017-08-11 12:31:68 +0100,-2.65,GBP,-2.65,GBP,eating_out,‚òï,Costa,"46-52 Cheapside, London EC2V 6AU",,
tx_00009NMrFaB4EHPfTCoLI1,2017-08-11 11:11:94 +0100,-3.64,GBP,-3.64,GBP,eating_out,‚òï,Pret A Manger,"40 Holborn Viaduct, London EC1N 2PB",,
tx_00009NMjBHw1JX3ou5IY2z,2017-08-11 09:40:56 +0100,-9,GBP,-9,GBP,transport,üöÖ,Transport for London,Online transaction,,
tx_00009NJR4Aw0YqcNCUUAuP,2017-08-09 19:33:31 +0100,-24.50,GBP,-24.50,GBP,eating_out,,Eat Of Eden,"Granville Arcade, 02077377566 SW9 8PR",,
tx_00009NJR1etohFsTmHYvir,2017-08-09 19:33:19 +0100,100,GBP,100,GBP,general,,Top up,,,
tx_00009NElKXmoOSB4VoljOr,2017-08-07 13:27:59 +0100,-6,GBP,-6,GBP,eating_out,‚òïÔ∏è,Shortwave Cafe Lim,"Unit H05, 100 Clemen, Biscuit Facto SE16 4DG",,
tx_00009NAvaElf5rl8YdDAEj,2017-08-05 17:03:90 +0100,-10,GBP,-10,GBP,cash,üè¶,ATM,"Metro Bank Atm, Croydon",,
tx_00009N9LVIvmOe61pViaGX,2017-08-04 22:44:95 +0100,-46.97,GBP,-46.97,GBP,eating_out,üç£,Feng Sushi,"13 Stoney Street, London SE1 9AD",,
tx_00009N55ecud6ExnBzNVT7,2017-08-02 21:27:66 +0100,-8.17,GBP,-8.17,GBP,groceries,üçè,Londis,"Bermondsey Street, London SE1 3XB",,
tx_00009N4K2e0PtHGp38rDVJ,2017-08-02 12:34:52 +0100,-6,GBP,-6,GBP,eating_out,üçî,Cafe Passione,"3 Cherry Tree Walk, London EC1Y 8NX",,
tx_00009MLgW0zmws8oJNOKSP,2017-07-11 23:44:17 +0100,-23.40,GBP,-23.40,GBP,eating_out,üêÆ,Flat Iron Steak,"9 Denmark Street, London WC2H 8LS",,
tx_00009MLgQAcYFWAGwF2Mrp,2017-07-11 23:43:02 +0100,50,GBP,50,GBP,general,,Top up,,,
tx_00009MLgKnLLMppemg7iQT,2017-07-11 23:42:54 +0100,-23.40,GBP,-23.40,GBP,eating_out,üêÆ,Flat Iron Steak,"9 Denmark Street, London WC2H 8LS",,
tx_00009MLPBOQgvc3zgkYWkD,2017-07-11 20:29:42 +0100,-10.40,GBP,-10.40,GBP,entertainment,üç∏,All Bar One,"127 Finsbury Pavement, London EC2A 1NS",,
tx_00009MIwQgVmhBgD7sxR6v,2017-07-10 15:58:20 +0100,-37.50,GBP,-37.50,GBP,shopping,üëû,Clarks,"119-121 Wellesley Road, Croydon CR0 1UT",,
tx_00009MAuztQ6wKYC7jHkiv,2017-07-06 19:04:88 +0100,-3.95,GBP,-3.95,GBP,groceries,üçè,Sainsbury's,"Trafalgar Way, Surrey CR0 4XT",,
tx_00009M06n5gt4IkNdgXLHN,2017-07-01 13:54:29 +0100,-5.20,GBP,-5.20,GBP,entertainment,üìö,Waterstones,"203/206 Piccadilly, Piccadilly W1J 9HD",,
tx_00009M06SBE1IRtGD5lHT0,2017-07-01 13:51:52 +0100,-11.04,GBP,-11.04,GBP,entertainment,üìö,Waterstones,"203/206 Piccadilly, Piccadilly W1J 9HD",,
tx_00009M0531mDBmHJiECHUv,2017-07-01 13:35:45 +0100,-18,GBP,-18,GBP,eating_out,üéÇ,Minamoto Kitchoan,"44 Piccadilly, London W1J 0DS",,
tx_00009M050tesOxgST13Gcr,2017-07-01 13:34:50 +0100,100,GBP,100,GBP,general,,Top up,,,
tx_00009Lja9GF478ZHK0vvqD,2017-06-23 12:11:26 +0100,-4.80,GBP,-4.80,GBP,transport,üöÖ,Transport for London,"65 Broadway, London SW1H 0BD","Travel charge for Thursday, 22 Jun",
tx_00009LhfU0a5eB2QHoYn7R,2017-06-22 16:24:07 +0100,-7.50,GBP,-7.50,GBP,eating_out,,Hyde Park Corner Lodge,"Hyde Park, London  W1j W1J 7NT",,
tx_00009LgW87e5biGb51xa6b,2017-06-22 03:04:36 +0100,-6.60,GBP,-6.60,GBP,transport,üöÖ,Transport for London,Online transaction,"Travel charge for Wednesday, 21 Jun",
tx_00009LfJdcRDg86qlTeZ7J,2017-06-21 12:28:39 +0100,-2.40,GBP,-2.40,GBP,transport,üöÖ,Transport for London,"65 Broadway, London SW1H 0BD","Travel charge for Tuesday, 20 Jun",
tx_00009LfCXltetnlFZxLmQD,2017-06-21 11:50:75 +0100,-4,GBP,-4,GBP,groceries,üçè,Marks and Spencer,"179-181 Brompton Road, London SW3 1NF",,
tx_00009LetogVAJRtnkG7Anp,2017-06-21 08:20:40 +0100,-3.50,GBP,-3.50,GBP,groceries,üçè,Sainsbury's,Somewhere in Stockwell St SW4 6TA,,
tx_00009LbOqoyC7RPIXDLsbh,2017-06-19 12:33:91 +0100,-6.60,GBP,-6.60,GBP,transport,üöÖ,Transport for London,"65 Broadway, London SW1H 0BD","Travel charge for Friday, 16 Jun",
tx_00009LVff8sCpFafICp7Vx,2017-06-16 21:29:52 +0100,-17.75,GBP,-17.75,GBP,transport,üöÇ,Great Western Railway,"Paddington, London W2 1QH",,
tx_00009LUraDCIKHKaD9n3R3,2017-06-16 12:08:06 +0100,-4.25,GBP,-4.25,GBP,eating_out,üç≤,PwC (Cafeteria),"7 More London Riverside, London, Se1 4rt",,
tx_00009LU53t6ch8soAUXlXl,2017-06-16 03:04:13 +0100,-5.30,GBP,-5.30,GBP,transport,üöÖ,Transport for London,Online transaction,"Travel charge for Thursday, 15 Jun",
tx_00009LT07kZFghnBgYyuiv,2017-06-15 14:34:87 +0100,-0.80,GBP,-0.80,GBP,eating_out,‚òïüç∞,PWC Benugo,Somewhere in London WC2N 6RH,,
tx_00009LStACXhwsSqFBbxIH,2017-06-15 12:45:83 +0100,-7.70,GBP,-7.70,GBP,transport,üöÖ,Transport for London,"65 Broadway, London SW1H 0BD","Travel charge for Wednesday, 14 Jun",
tx_00009LSpVEqGCBy5di44Wn,2017-06-15 12:35:11 +0100,-10,GBP,-10,GBP,eating_out,,Mother Flipper Ltd,"Unit 51 Brockley Cross Busines, London SE4 2PD",,
tx_00009LR1LiY7hRJxLjlzw9,2017-06-14 15:38:23 +0100,-4,GBP,-4,GBP,eating_out,‚òïüç∞,PWC Benugo,Somewhere in London WC2N 6RH,,
tx_00009LQk06Hf4mg827IJnt,2017-06-14 12:24:79 +0100,-3.70,GBP,-3.70,GBP,eating_out,‚òï,Pret A Manger,"7 More London, London SE1 2RT",,
tx_00009LQjPM8LBWJ5oNIarx,2017-06-14 11:46:85 +0100,-5.30,GBP,-5.30,GBP,transport,üöÖ,Transport for London,"65 Broadway, London SW1H 0BD","Travel charge for Tuesday, 13 Jun",
tx_00009LQfrhRFARckqKW0BN,2017-06-14 11:38:15 +0100,100,GBP,100,GBP,general,,Top up,,,
tx_00009LPJbp8yMLKJ3vu5FR,2017-06-13 19:54:78 +0100,-16.35,GBP,-16.35,GBP,groceries,üçè,Sainsbury's,Somewhere in Stockwell St SW4 6TA,,
tx_00009LOzcoOocALcr4dbvt,2017-06-13 16:10:77 +0100,-2,GBP,-2,GBP,eating_out,‚òïüç∞,PWC Benugo,Somewhere in London WC2N 6RH,,
tx_00009LOgzDeTVb71khopbV,2017-06-13 12:41:85 +0100,-6.99,GBP,-6.99,GBP,eating_out,üç£,Itsu,"7 More London Riverside, London SE1 2TU",,
tx_00009LNrqdl1z1hn759UNF,2017-06-13 03:08:31 +0100,-6.60,GBP,-6.60,GBP,transport,üöÖ,Transport for London,Online transaction,,
tx_00009LN1NbgrOYtAgg2HYn,2017-06-12 17:20:12 +0100,-8.75,GBP,-8.75,GBP,eating_out,‚òï,Caff√® Nero,"Unit B More London Place, London SE1 2DA",,
tx_00009LNLK70l07lOrCp5vN,2017-06-12 14:03:87 +0100,-8.70,GBP,-8.70,GBP,transport,üöÖ,Transport for London,"65 Broadway, London SW1H 0BD","Travel charge for Sunday, 11 Jun",
tx_00009LMYIHYtuJz9TgJ5Rx,2017-06-12 11:54:23 +0100,-3.20,GBP,-3.20,GBP,eating_out,‚òï,Caff√® Nero,"Moorgate Station, London EC2Y 9AG",,
tx_00009LJkLit1O76t4GFHOb,2017-06-11 03:25:37 +0100,-3.94,GBP,-3.94,GBP,groceries,üçè,Costcutter,"258 Clapham Road, London SW9 9AE",,
tx_00009LJNKKor5NKQxSeNnd,2017-06-10 23:07:45 +0100,-17,GBP,-17,GBP,entertainment,üç∫,Wenlock & Essex,"18-26 Essex Road, London N1 8LN",,
tx_00009LJJaDg50QulrBsd9N,2017-06-10 22:25:30 +0100,-2.40,GBP,-2.40,GBP,transport,üöÖ,Transport for London,Online transaction,,
tx_00009LHHQcYf3fiFtxmlg9,2017-06-09 22:52:35 +0100,-7.10,GBP,-7.10,GBP,groceries,üçè,Sainsbury's,Somewhere in Stockwell St SW4 6TA,,
tx_00009LH2FGMFl6HvDPDrWb,2017-06-09 20:01:72 +0100,-20,GBP,-20,GBP,cash,üè¶,ATM,"Tesco Lndon Br Ex, London  SE1",,
tx_00009LH2BA6t2vhq11xtAX,2017-06-09 20:01:26 +0100,100,GBP,100,GBP,general,,Top up,,,
tx_00009KmX7o2phbtlOJBtGj,2017-05-26 02:51:13 +0100,-5.30,GBP,-5.30,GBP,transport,üöÖ,Transport for London,Online transaction,"Travel charge for Thursday, 25 May",
tx_00009KlKCyOv8GtEOchC3F,2017-05-25 12:52:70 +0100,-5.95,GBP,-5.95,GBP,eating_out,,PwC,"7 More London Riverside, London SE1 2RT",,
tx_00009KjCxVwpYAHDoNJo3d,2017-05-24 12:21:45 +0100,-7.75,GBP,-7.75,GBP,groceries,üçè,Marks and Spencer,"More London Riverside, United Kingdom SE1 2DA",,
tx_00009KjN6WR26hsZEsMcuf,2017-05-24 12:15:35 +0100,-5.30,GBP,-5.30,GBP,transport,üöÖ,Transport for London,"65 Broadway, London SW1H 0BD","Travel charge for Monday, 22 May",
tx_00009KjLIEO8pXLz4ATyL3,2017-05-24 12:15:85 +0100,-5.30,GBP,-5.30,GBP,transport,üöÖ,Transport for London,"65 Broadway, London SW1H 0BD","Travel charge for Tuesday, 23 May",
tx_00009Kh7AySVs0HxxbFjhh,2017-05-23 12:07:26 +0100,-4.25,GBP,-4.25,GBP,eating_out,,PwC,"7 More London Riverside, London SE1 2RT",,
tx_00009Kgg5dG4ZJADlYe9yL,2017-05-23 07:04:39 +0100,-5.30,GBP,-5.30,GBP,transport,üöÖ,Transport for London,Online transaction,"Travel charge for Wednesday, 24 May",
tx_00009KgEVRwQTBAZi9zkYb,2017-05-22 12:52:24 +0100,-4.40,GBP,-4.40,GBP,transport,üöÖ,Transport for London,"65 Broadway, London SW1H 0BD","Travel charge for Sunday, 21 May",
tx_00009Kf5nt7z2JPkGR8uuX,2017-05-22 12:42:37 +0100,-5.75,GBP,-5.75,GBP,eating_out,,PwC,"7 More London Riverside, London SE1 2RT",,
tx_00009KfQKUfP06arvzjHLV,2017-05-22 08:20:02 +0100,-5.30,GBP,-5.30,GBP,transport,üöÖ,Transport for London,"65 Broadway, London SW1H 0BD","Travel charge for Friday, 19 May",
tx_00009KYvVunjuWxpkfhnZB,2017-05-19 13:19:28 +0100,-6.55,GBP,-6.55,GBP,groceries,üçè,Tesco,"125 Tooley St, Bermondsey SE1 2TH",,
tx_00009KYbAw5xuGcBUn4zs9,2017-05-19 09:31:00 +0100,-2.60,GBP,-2.60,GBP,eating_out,,PwC,"7 More London Riverside, London SE1 2RT",,
tx_00009KY2ZIxr2CFsJV3VXF,2017-05-19 03:03:64 +0100,-5.30,GBP,-5.30,GBP,transport,üöÖ,Transport for London,Online transaction,"Travel charge for Thursday, 18 May",
tx_00009KX9Pf2ib6lCPiiedl,2017-05-18 16:45:25 +0100,-1.70,GBP,-1.70,GBP,eating_out,üçû,Paul,"Tooley St, London SE1 2JP",,
tx_00009KWkmSTP0179ts5a1R,2017-05-18 12:09:20 +0100,-3.50,GBP,-3.50,GBP,eating_out,üç¥,EAT,"Tooley St., London SE1 2DA",,
tx_00009KVy5tsGS49WdBMKCf,2017-05-18 03:03:05 +0100,-4.80,GBP,-4.80,GBP,transport,üöÖ,Transport for London,Online transaction,"Travel charge for Wednesday, 17 May",
tx_00009KVJQDobvOzdU56gNd,2017-05-17 19:28:05 +0100,-4.45,GBP,-4.45,GBP,groceries,üçè,Sainsbury's,Somewhere in Stockwell St SW4 6TA,,
tx_00009KUgxU8aMc5079R1NJ,2017-05-17 12:17:11 +0100,-6.24,GBP,-6.24,GBP,eating_out,‚òï,Pret A Manger,"7 More London, London SE1 2RT",,
tx_00009KUjNnQXT4cxNSVRez,2017-05-17 11:51:24 +0100,-6.60,GBP,-6.60,GBP,transport,üöÖ,Transport for London,"65 Broadway, London SW1H 0BD","Travel charge for Tuesday, 16 May",
tx_00009KSd864XOF0eWuQUFt,2017-05-16 12:24:45 +0100,-6.99,GBP,-6.99,GBP,eating_out,üç£,Itsu,"7 More London Riverside, London SE1 2TU",,
tx_00009KSc0sjwScWuXGfplx,2017-05-16 11:31:32 +0100,-6.60,GBP,-6.60,GBP,transport,üöÖ,Transport for London,"65 Broadway, London SW1H 0BD","Travel charge for Monday, 15 May",
tx_00009KSOH6IgPdJcWzsUYj,2017-05-16 09:38:74 +0100,100,GBP,100,GBP,general,,Top up,,,
tx_00009KRGKxR2K0NbP39Zar,2017-05-15 20:34:40 +0100,-9.50,GBP,-9.50,GBP,groceries,üçè,Sainsbury's,Somewhere in Stockwell St SW4 6TA,,
tx_00009KOXvPlrYwBEnDs0bB,2017-05-14 13:07:20 +0100,6,GBP,6,GBP,general,,Payment from Nick Rams,,,
tx_00009KLbq3XoacqMkk7Ufp,2017-05-13 03:07:93 +0100,-6.60,GBP,-6.60,GBP,transport,üöÖ,Transport for London,Online transaction,,
tx_00009KKwc6akMo3Ah1pps9,2017-05-12 19:25:31 +0100,-80,GBP,-80,GBP,cash,üè¶,ATM,"Pancras Road, London N1C 4QL",Funk and Soul Weekender,
tx_00009KKwX5tRXJDN4xBsKv,2017-05-12 19:24:99 +0100,100,GBP,100,GBP,general,,Top up,,,
tx_00009KKJgOuGJoOZXutG1R,2017-05-12 12:09:03 +0100,-3.71,GBP,-3.71,GBP,groceries,üçè,Tesco,"125 Tooley St, Bermondsey SE1 2TH",,
tx_00009KKJidojqpZIN2NJD7,2017-05-12 11:07:65 +0100,-5.80,GBP,-5.80,GBP,transport,üöÖ,Transport for London,"65 Broadway, London SW1H 0BD","Travel charge for Thursday, 11 May",
tx_00009KIrKyTSPG4RRkAZxx,2017-05-11 19:16:59 +0100,-9.60,GBP,-9.60,GBP,groceries,üçè,Sainsbury's,Somewhere in Stockwell St SW4 6TA,,
tx_00009KIG7N2Kaf5VGe8Dx3,2017-05-11 12:19:01 +0100,-8.15,GBP,-8.15,GBP,eating_out,,PwC,"7 More London Riverside, London SE1 2RT",,
tx_00009KIG5k2W5wDw1yRRib,2017-05-11 11:44:30 +0100,-3.90,GBP,-3.90,GBP,transport,üöÖ,Transport for London,"65 Broadway, London SW1H 0BD","Travel charge for Wednesday, 10 May",
tx_00009KGztpBpKPQbRBNCKX,2017-05-10 21:43:38 +0100,-10,GBP,-10,GBP,eating_out,üç¥,Redemption,"320 Old Street, London EC1V 9DR",,
tx_00009KGBUSAqlfOoN4bVmj,2017-05-10 12:18:48 +0100,-5.25,GBP,-5.25,GBP,eating_out,,PwC,"7 More London Riverside, London SE1 2RT",,
tx_00009KEjei6HPvzHWVd6lF,2017-05-09 19:32:45 +0100,-5.90,GBP,-5.90,GBP,groceries,üçè,Sainsbury's,Somewhere in Stockwell St SW4 6TA,,
tx_00009KE3ci7UB4uZb2JhVh,2017-05-09 11:28:56 +0100,-2.40,GBP,-2.40,GBP,transport,üöÖ,Transport for London,"65 Broadway, London SW1H 0BD","Travel charge for Monday, 8 May",
tx_00009KCtUihaw2NWO0nVtx,2017-05-08 22:12:80 +0100,-20,GBP,-20,GBP,transport,üöÖ,Transport for London,Somewhere in London SW9 9AE,"Travel charge for Monday, 8 May",
tx_00009KCsKe6D5tfPGCwZJh,2017-05-08 21:59:37 +0100,0.10,GBP,0.10,GBP,transport,üöÖ,Transport for London,"Victoria Street, London SW1H 0TL",Active card check reversed,
tx_00009KCsKaZqBmzYKwmAwj,2017-05-08 21:59:56 +0100,-0.10,GBP,-0.10,GBP,transport,üöÖ,Transport for London,Online transaction,Active card check. TfL journey charges appear in your feed the following day.,
tx_00009KCqfsSug0TvK3nfMX,2017-05-08 21:41:08 +0100,-14.55,GBP,-14.55,GBP,eating_out,üçï,Franco Manca,"124 Bermondsey Street, London SE1 3TX",,
tx_00009KC5gv1Nxmb8xPtjt3,2017-05-08 12:54:23 +0100,-4.95,GBP,-4.95,GBP,eating_out,,PwC,"7 More London Riverside, London SE1 2RT",,
tx_00009K8Td0iaSfMTjcw1S5,2017-05-06 19:04:24 +0100,100,GBP,100,GBP,general,,Initial top up,,,
